product_id,product_name
100,Product 1
101,Product 2
102,Product 3
105,Product 4
106,Product 5
107,Product 6
108,Product 7
110,Product 8
111,Product 9
112,Product 10
113,Product 11
114,Product 12
115,Product 13
117,Product 14
118,Product 15
119,Product 16
121,Product 17
122,Product 18
123,Product 19
124,Product 20
125,Product 21
126,Product 22
128,Product 23
129,Product 24
132,Product 25
133,Product 26
135,Product 27
136,Product 28
137,Product 29
139,Product 30
140,Product 31
141,Product 32
142,Product 33
143,Product 34
144,Product 35
145,Product 36
146,Product 37
148,Product 38
149,Product 39
150,Product 40
151,Product 41
154,Product 42
157,Product 43
158,Product 44
159,Product 45
161,Product 46
162,Product 47
166,Product 48
167,Product 49
170,Product 50
171,Product 51
172,Product 52
173,Product 53
175,Product 54
177,Product 55
178,Product 56
179,Product 57
180,Product 58
182,Product 59
183,Product 60
184,Product 61
186,Product 62
187,Product 63
188,Product 64
189,Product 65
190,Product 66
192,Product 67
196,Product 68
197,Product 69
199,Product 70
200,Product 71
202,Product 72
203,Product 73
204,Product 74
205,Product 75
206,Product 76
209,Product 77
210,Product 78
212,Product 79
216,Product 80
217,Product 81
218,Product 82
220,Product 83
221,Product 84
222,Product 85
224,Product 86
225,Product 87
226,Product 88
229,Product 89
231,Product 90
232,Product 91
233,Product 92
234,Product 93
236,Product 94
237,Product 95
241,Product 96
244,Product 97
246,Product 98
247,Product 99
248,Product 100
254,Product 101
256,Product 102
257,Product 103
259,Product 104
260,Product 105
261,Product 106
263,Product 107
264,Product 108
265,Product 109
266,Product 110
267,Product 111
268,Product 112
273,Product 113
275,Product 114
276,Product 115
279,Product 116
280,Product 117
281,Product 118
282,Product 119
284,Product 120
285,Product 121
287,Product 122
289,Product 123
290,Product 124
291,Product 125
292,Product 126
293,Product 127
294,Product 128
295,Product 129
297,Product 130
298,Product 131
299,Product 132
300,Product 133
301,Product 134
302,Product 135
305,Product 136
306,Product 137
307,Product 138
308,Product 139
309,Product 140
310,Product 141
311,Product 142
312,Product 143
313,Product 144
314,Product 145
315,Product 146
317,Product 147
318,Product 148
319,Product 149
320,Product 150
321,Product 151
322,Product 152
323,Product 153
325,Product 154
327,Product 155
329,Product 156
331,Product 157
332,Product 158
333,Product 159
334,Product 160
335,Product 161
336,Product 162
339,Product 163
343,Product 164
344,Product 165
346,Product 166
347,Product 167
348,Product 168
349,Product 169
350,Product 170
351,Product 171
352,Product 172
353,Product 173
354,Product 174
355,Product 175
358,Product 176
359,Product 177
360,Product 178
361,Product 179
362,Product 180
363,Product 181
364,Product 182
366,Product 183
368,Product 184
369,Product 185
370,Product 186
371,Product 187
374,Product 188
375,Product 189
380,Product 190
381,Product 191
383,Product 192
385,Product 193
386,Product 194
387,Product 195
388,Product 196
389,Product 197
391,Product 198
393,Product 199
394,Product 200
395,Product 201
396,Product 202
397,Product 203
398,Product 204
399,Product 205
400,Product 206
401,Product 207
403,Product 208
405,Product 209
408,Product 210
409,Product 211
410,Product 212
411,Product 213
413,Product 214
415,Product 215
416,Product 216
417,Product 217
418,Product 218
420,Product 219
423,Product 220
424,Product 221
426,Product 222
427,Product 223
428,Product 224
430,Product 225
431,Product 226
433,Product 227
434,Product 228
435,Product 229
436,Product 230
438,Product 231
439,Product 232
440,Product 233
442,Product 234
444,Product 235
445,Product 236
447,Product 237
448,Product 238
450,Product 239
451,Product 240
452,Product 241
453,Product 242
454,Product 243
455,Product 244
457,Product 245
459,Product 246
460,Product 247
461,Product 248
463,Product 249
464,Product 250
465,Product 251
466,Product 252
468,Product 253
470,Product 254
471,Product 255
472,Product 256
476,Product 257
478,Product 258
479,Product 259
480,Product 260
481,Product 261
482,Product 262
484,Product 263
485,Product 264
486,Product 265
489,Product 266
490,Product 267
491,Product 268
493,Product 269
497,Product 270
499,Product 271
500,Product 272
501,Product 273
502,Product 274
503,Product 275
504,Product 276
505,Product 277
506,Product 278
507,Product 279
508,Product 280
509,Product 281
510,Product 282
511,Product 283
512,Product 284
513,Product 285
517,Product 286
519,Product 287
520,Product 288
521,Product 289
522,Product 290
524,Product 291
525,Product 292
526,Product 293
529,Product 294
530,Product 295
531,Product 296
532,Product 297
533,Product 298
535,Product 299
536,Product 300
537,Product 301
538,Product 302
539,Product 303
542,Product 304
543,Product 305
544,Product 306
545,Product 307
547,Product 308
549,Product 309
550,Product 310
551,Product 311
554,Product 312
555,Product 313
556,Product 314
557,Product 315
558,Product 316
560,Product 317
563,Product 318
564,Product 319
567,Product 320
568,Product 321
569,Product 322
572,Product 323
573,Product 324
574,Product 325
575,Product 326
576,Product 327
577,Product 328
579,Product 329
580,Product 330
582,Product 331
585,Product 332
586,Product 333
588,Product 334
589,Product 335
591,Product 336
592,Product 337
595,Product 338
596,Product 339
597,Product 340
598,Product 341
600,Product 342
602,Product 343
603,Product 344
604,Product 345
606,Product 346
608,Product 347
610,Product 348
611,Product 349
613,Product 350
614,Product 351
615,Product 352
618,Product 353
619,Product 354
620,Product 355
621,Product 356
622,Product 357
624,Product 358
625,Product 359
626,Product 360
627,Product 361
628,Product 362
629,Product 363
631,Product 364
632,Product 365
633,Product 366
634,Product 367
635,Product 368
636,Product 369
638,Product 370
639,Product 371
640,Product 372
642,Product 373
643,Product 374
644,Product 375
645,Product 376
646,Product 377
648,Product 378
649,Product 379
650,Product 380
651,Product 381
653,Product 382
656,Product 383
657,Product 384
658,Product 385
660,Product 386
661,Product 387
663,Product 388
664,Product 389
665,Product 390
667,Product 391
669,Product 392
671,Product 393
672,Product 394
673,Product 395
674,Product 396
675,Product 397
676,Product 398
677,Product 399
678,Product 400
680,Product 401
681,Product 402
682,Product 403
683,Product 404
684,Product 405
685,Product 406
688,Product 407
689,Product 408
691,Product 409
693,Product 410
695,Product 411
700,Product 412
701,Product 413
702,Product 414
703,Product 415
704,Product 416
705,Product 417
706,Product 418
707,Product 419
710,Product 420
712,Product 421
713,Product 422
714,Product 423
715,Product 424
716,Product 425
719,Product 426
721,Product 427
722,Product 428
727,Product 429
729,Product 430
732,Product 431
733,Product 432
734,Product 433
735,Product 434
736,Product 435
737,Product 436
738,Product 437
739,Product 438
742,Product 439
744,Product 440
747,Product 441
748,Product 442
749,Product 443
750,Product 444
753,Product 445
755,Product 446
756,Product 447
757,Product 448
759,Product 449
761,Product 450
762,Product 451
763,Product 452
765,Product 453
766,Product 454
768,Product 455
770,Product 456
773,Product 457
774,Product 458
775,Product 459
776,Product 460
780,Product 461
781,Product 462
782,Product 463
783,Product 464
784,Product 465
787,Product 466
788,Product 467
789,Product 468
791,Product 469
792,Product 470
793,Product 471
794,Product 472
795,Product 473
797,Product 474
798,Product 475
799,Product 476
801,Product 477
802,Product 478
804,Product 479
806,Product 480
809,Product 481
811,Product 482
814,Product 483
815,Product 484
816,Product 485
817,Product 486
818,Product 487
819,Product 488
820,Product 489
822,Product 490
824,Product 491
825,Product 492
826,Product 493
828,Product 494
829,Product 495
832,Product 496
834,Product 497
836,Product 498
837,Product 499
839,Product 500
840,Product 501
841,Product 502
842,Product 503
843,Product 504
844,Product 505
845,Product 506
846,Product 507
847,Product 508
848,Product 509
851,Product 510
852,Product 511
853,Product 512
854,Product 513
855,Product 514
856,Product 515
858,Product 516
860,Product 517
861,Product 518
862,Product 519
863,Product 520
864,Product 521
865,Product 522
866,Product 523
867,Product 524
868,Product 525
869,Product 526
870,Product 527
871,Product 528
874,Product 529
876,Product 530
877,Product 531
879,Product 532
880,Product 533
881,Product 534
882,Product 535
883,Product 536
884,Product 537
886,Product 538
887,Product 539
888,Product 540
889,Product 541
890,Product 542
892,Product 543
893,Product 544
896,Product 545
897,Product 546
898,Product 547
899,Product 548
901,Product 549
905,Product 550
907,Product 551
909,Product 552
910,Product 553
911,Product 554
912,Product 555
914,Product 556
915,Product 557
918,Product 558
922,Product 559
923,Product 560
928,Product 561
931,Product 562
932,Product 563
937,Product 564
938,Product 565
939,Product 566
941,Product 567
943,Product 568
944,Product 569
945,Product 570
950,Product 571
951,Product 572
952,Product 573
953,Product 574
954,Product 575
955,Product 576
956,Product 577
957,Product 578
958,Product 579
959,Product 580
960,Product 581
961,Product 582
964,Product 583
965,Product 584
967,Product 585
969,Product 586
970,Product 587
971,Product 588
973,Product 589
974,Product 590
975,Product 591
976,Product 592
977,Product 593
978,Product 594
979,Product 595
981,Product 596
983,Product 597
985,Product 598
988,Product 599
990,Product 600
991,Product 601
992,Product 602
993,Product 603
994,Product 604
995,Product 605
